político, 25
social, 24
política, 22
público, 19
economia, 17
ciência, 16
segurança, 14
rede, 14
marketing, 12
jornalista, 12
informação, 11
educação, 11
tecnologia, 10
pequeno, 10
mercado, 8
notícia, 7
livre, 7
liberal, 7
físico, 7
brasileiro, 7
ano, 7
mestre, 6
formar, 6
filosofia, 6
direito, 6
direita, 6
costume, 6
saúde, 5
profissional, 5
professor, 5
patriota, 5
mãe, 5
graduar, 5
foco, 5
favor, 5
bom, 5
verdade, 4
serviço, 4
penal, 4
música, 4
empresário, 4
digital, 4
cristão, 4
usar, 3
sociedade, 3
religião, 3
pai, 3
mundo, 3
história, 3
executivo, 3
empreendedor, 3
defender, 3
co, 3
cientista, 3
cidadão, 3
católico, 3
casado, 3
ativista, 3
assunto, 3
arte, 3
armamentista, 3
administrador, 3
acreditar, 3
vil, 2
transformação, 2
trabalho, 2
trabalhar, 2
teólogo, 2
tentar, 2
tempo, 2
técnico, 2
surfista, 2
sócio, 2
site, 2
privado, 2
postar, 2
pessoal, 2
pessoa, 2
país, 2
pacem, 2
opinião, 2
odiar, 2
objetivo, 2
número, 2
novo, 2
negro, 2
negócio, 2
morar, 2
meio, 2
liberdade, 2
incorreto, 2
idiota, 2
humor, 2
homem, 2
híbrido, 2
girl_light_skin_tone_e, 2
fundamental, 2
funcionário, 2
flamenguista, 2
família, 2
dir, 2
deixar, 2
defesa, 2
causa, 2
candidato, 2
bolsonaro2022_h, 2
atuante, 2
atleta, 2
arma, 2
apoiar, 2
analista, 2
alto, 2
agradecer, 2
agente, 2
adorar, 2
admirador, 2
web, 1
voz, 1
voto, 1
votar, 1
voltar, 1
viver, 1
virar, 1
videos, 1
vida, 1
viciar, 1
vez, 1
versão, 1
vermelho, 1
vereador, 1
velho, 1
veda, 1
valorizar, 1
vagar, 1
utilizar, 1
utilidade, 1
útil, 1
uso, 1
último, 1
twitter, 1
tributário, 1
tradição, 1
trabalhador, 1
torcedor, 1
tomar, 1
texto, 1
tetracampeão, 1
teologia, 1
tênis, 1
tendência, 1
tema, 1
suplente, 1
speaking_head_e, 1
sparkling_heart_e, 1
soudedireita_h, 1
solução, 1
software, 1
socias, 1
smirking_face_e, 1
smiling_face_with_halo_e, 1
smartphone, 1
sistema, 1
significar, 1
servidor, 1
ser, 1
sênior, 1
semiótica, 1
semestre, 1
selecionar, 1
seguir, 1
satírico, 1
sarcástico, 1
santista, 1
saber, 1
rua, 1
roxo, 1
round_pushpin_e, 1
rosa, 1
robô, 1
retidão, 1
resumir, 1
restaurar, 1
resolver, 1
reserva, 1
repórter, 1
renda, 1
regular, 1
regional, 1
reformado, 1
reforma, 1
redator, 1
reclamão, 1
rasteira, 1
rápido, 1
rainbow_flag_e, 1
química, 1
quimica, 1
questão, 1
querobolsonaroate2026_h, 1
que, 1
publicidade, 1
psicanálise, 1
protestante, 1
promover, 1
promoção, 1
prol, 1
projeto, 1
programação, 1
profundo, 1
professora, 1
produzir, 1
produção, 1
processual, 1
processo, 1
princípio, 1
principal, 1
prezar, 1
previdenciário, 1
prestar, 1
prestação, 1
pressão, 1
presidente, 1
presença, 1
predestinação, 1
preço, 1
praticar, 1
posicionar, 1
pós, 1
porte, 1
popular, 1
politicagem, 1
policial, 1
podre, 1
poder, 1
pix, 1
personalizar, 1
pernambucano, 1
perguntar, 1
perfil, 1
pedido, 1
pedagogo, 1
pastor, 1
passo, 1
partido, 1
participação, 1
paródia, 1
parabellum, 1
palestrante, 1
pagar, 1
pagador, 1
orgulho, 1
opinar, 1
opinamundos, 1
oferta, 1
ódio, 1
obra, 1
nerd_face_e, 1
natureza, 1
natural, 1
nacional, 1
my, 1
músico, 1
mulher, 1
mudar, 1
morrer, 1
moderação, 1
mobilar, 1
mimimi, 1
militar, 1
militante, 1
miliciano, 1
mídia, 1
meritocracia, 1
mergulhador, 1
mentoria, 1
mentira, 1
menino, 1
memes, 1
médico, 1
mecatrônico, 1
matemático, 1
matar, 1
mão, 1
manter, 1
manifestação, 1
mal, 1
lutar, 1
luta, 1
literatura, 1
líquido, 1
links, 1
link, 1
likes, 1
líder, 1
licenciar, 1
leitor, 1
juizforano, 1
juiz, 1
jogo, 1
jiló, 1
investigativo, 1
intervenção, 1
interesse, 1
interessado, 1
intencionado, 1
integrante, 1
integrador, 1
instrutor, 1
inovação, 1
iniciante, 1
infraestrutura, 1
influencer, 1
indústria, 1
incorruptível, 1
inclusão, 1
imprimir, 1
imprensa, 1
imposto, 1
importar, 1
igualdade, 1
ideal, 1
humano, 1
hora, 1
honkpill_h, 1
homo, 1
hipocrisia, 1
hibernar, 1
hetero, 1
gráfico, 1
graduação, 1
governar, 1
governança, 1
gosto, 1
gloriar, 1
gerente, 1
geopolítico, 1
gado, 1
futuro, 1
futebol, 1
fundamentalismo, 1
fraternidade, 1
frase, 1
forma, 1
foralulapsicopata_h, 1
flash, 1
física, 1
financeiro, 1
filosófico, 1
feliz, 1
fato, 1
farmácia, 1
familiar, 1
falange, 1
extraterrestre, 1
extra, 1
experiência, 1
exercício, 1
ex, 1
evolução, 1
evento, 1
evangélico, 1
eterno, 1
empresarial, 1
emprego, 1
educador, 1
educacional, 1
editor, 1
edição, 1
ecumenismo, 1
econômico, 1
doutor, 1
doação, 1
diversão, 1
distribuidor, 1
distância, 1
disseminação, 1
disguised_face_e, 1
dinheiro, 1
dialeticos, 1
dia, 1
dezena, 1
desenvolvimento, 1
dentista, 1
democrata, 1
democracia, 1
defensor, 1
debate, 1
data, 1
dado, 1
curso, 1
cultura, 1
cuidado, 1
csmjq86arz, 1
cruzeiro, 1
criticar, 1
credenciado, 1
corrupto, 1
corrupção, 1
corretor, 1
coríntio, 1
cor, 1
copy, 1
coordenador, 1
cofre, 1
coco, 1
cobramos, 1
cmg, 1
cirurgião, 1
cintura, 1
cinema, 1
cidade, 1
chuveiro, 1
chamar, 1
certeza, 1
cenário, 1
catar, 1
casar, 1
cartunista, 1
carreira, 1
cara, 1
captação, 1
capelão, 1
canto, 1
câncer, 1
canal, 1
caixa, 1
buscar, 1
busca, 1
bullseye_e, 1
brazilwasstolen_h, 1
brazilianspring_h, 1
brasil_h, 1
brand, 1
branco, 1
botafoguense, 1
bolsonarista, 1
blogueiro, 1
bjj, 1
bios, 1
beatlemaníaco, 1
bastidor, 1
bandeira, 1
backhand_index_pointing_down_medium_skin_tone_e, 1
bacharel, 1
baby_light_skin_tone_e, 1
baby_angel_e, 1
autor, 1
auto, 1
atuir, 1
atuar, 1
ator, 1
atividade, 1
atirador, 1
atento, 1
assíduo, 1
assessora, 1
assegurar, 1
assaltar, 1
aspirante, 1
artista, 1
arquiteto, 1
área, 1
aprovação, 1
aposentado, 1
aplicação, 1
apego, 1
aparelharam, 1
apaixonar, 1
apaixonado, 1
análise, 1
amo, 1
amar, 1
amador, 1
alimento, 1
ajudar, 1
agrônomo, 1
agro, 1
afetar, 1
advogar, 1
advogado, 1
administração, 1
adjunto, 1
achar, 1
aceitar, 1
ação, 1
aborto, 1
